{"CategoryName":"Default","Definition":{"Identifier":"4a391f62-0932-4876-9e40-ab7d13e9c3d1","IsEnable":true,"Version":0.0,"IsArchived":false,"IsAutomatic":true,"Name":"Basic Phishing PB - Zero to Hero","Category":4,"Description":"","Priority":2,"Creator":"Admin","VersionCreator":null,"VersionComment":null,"OriginalWorkflowIdentifier":"4a391f62-0932-4876-9e40-ab7d13e9c3d1","TemplateName":null,"PlaybookType":0,"Steps":[{"Identifier":"02469cdf-1fb7-41d2-9525-9071f764acd5","OriginalStepIdentifier":"02469cdf-1fb7-41d2-9525-9071f764acd5","ParentWorkflowIdentifier":"4a391f62-0932-4876-9e40-ab7d13e9c3d1","ParentStepIdentifiers":["0adf04ff-d0b1-47a8-93aa-8fb7a8ba85ef"],"ParentStepIdentifier":"0adf04ff-d0b1-47a8-93aa-8fb7a8ba85ef","PreviousResultCondition":"{}","InstanceName":"Insight: Malicious","IsAutomatic":true,"Name":"Siemplify_Add General Insight","IsSkippable":false,"Description":"Add a general insight configurable message to the case","ActionProvider":"Scripts","ActionName":"Siemplify_Add General Insight","Type":0,"Integration":"Siemplify","Parameters":[{"ParentStepIdentifier":"02469cdf-1fb7-41d2-9525-9071f764acd5","ParentWorkflowIdentifier":"4a391f62-0932-4876-9e40-ab7d13e9c3d1","Name":"ScriptName","Value":"Siemplify_Add General Insight","CreationTimeUnixTimeInMs":1584539064761,"ModificationTimeUnixTimeInMs":1584539064761},{"ParentStepIdentifier":"02469cdf-1fb7-41d2-9525-9071f764acd5","ParentWorkflowIdentifier":"4a391f62-0932-4876-9e40-ab7d13e9c3d1","Name":"SelectedScopeName","Value":"All URLs","CreationTimeUnixTimeInMs":1584539064761,"ModificationTimeUnixTimeInMs":1584539064761},{"ParentStepIdentifier":"02469cdf-1fb7-41d2-9525-9071f764acd5","ParentWorkflowIdentifier":"4a391f62-0932-4876-9e40-ab7d13e9c3d1","Name":"ScriptParametersEntityFields","Value":"{\"Title\":\"Suspicous Entity\",\"Message\":\"Found [Virus Total - Scan URL.JsonResult| EntityResult.positives] engines that marked [Entity.Identifier]  as a real malicous\\n\",\"Triggered By\":\"VirusTotal\"}","CreationTimeUnixTimeInMs":1584539064761,"ModificationTimeUnixTimeInMs":1584539064761},{"ParentStepIdentifier":"02469cdf-1fb7-41d2-9525-9071f764acd5","ParentWorkflowIdentifier":"4a391f62-0932-4876-9e40-ab7d13e9c3d1","Name":"IntegrationInstance","Value":"c7ed3574-56d0-4222-8b0f-839853fbf76e","CreationTimeUnixTimeInMs":1584539064761,"ModificationTimeUnixTimeInMs":1584545686991},{"ParentStepIdentifier":"02469cdf-1fb7-41d2-9525-9071f764acd5","ParentWorkflowIdentifier":"4a391f62-0932-4876-9e40-ab7d13e9c3d1","Name":"FallbackIntegrationInstance","Value":null,"CreationTimeUnixTimeInMs":1584539064761,"ModificationTimeUnixTimeInMs":1584539064761}],"AutoSkipOnFailure":false,"CreationTimeUnixTimeInMs":1584545833968,"ModificationTimeUnixTimeInMs":1584545834099},{"Identifier":"0adf04ff-d0b1-47a8-93aa-8fb7a8ba85ef","OriginalStepIdentifier":"0adf04ff-d0b1-47a8-93aa-8fb7a8ba85ef","ParentWorkflowIdentifier":"4a391f62-0932-4876-9e40-ab7d13e9c3d1","ParentStepIdentifiers":["6934b8d8-a275-488a-b367-d6d7c0ede567"],"ParentStepIdentifier":"6934b8d8-a275-488a-b367-d6d7c0ede567","PreviousResultCondition":"{\n  \"6934b8d8-a275-488a-b367-d6d7c0ede567\": \"1\"\n}","InstanceName":"Priority: High","IsAutomatic":true,"Name":"Siemplify_Change Priority","IsSkippable":false,"Description":"Automatically change case priority to the given input","ActionProvider":"Scripts","ActionName":"Siemplify_Change Priority","Type":0,"Integration":"Siemplify","Parameters":[{"ParentStepIdentifier":"0adf04ff-d0b1-47a8-93aa-8fb7a8ba85ef","ParentWorkflowIdentifier":"4a391f62-0932-4876-9e40-ab7d13e9c3d1","Name":"ScriptParametersEntityFields","Value":"{\"Priority\":\"High\"}","CreationTimeUnixTimeInMs":1584539064761,"ModificationTimeUnixTimeInMs":1584539064761},{"ParentStepIdentifier":"0adf04ff-d0b1-47a8-93aa-8fb7a8ba85ef","ParentWorkflowIdentifier":"4a391f62-0932-4876-9e40-ab7d13e9c3d1","Name":"SelectedScopeName","Value":"All entities","CreationTimeUnixTimeInMs":1584539064761,"ModificationTimeUnixTimeInMs":1584539064761},{"ParentStepIdentifier":"0adf04ff-d0b1-47a8-93aa-8fb7a8ba85ef","ParentWorkflowIdentifier":"4a391f62-0932-4876-9e40-ab7d13e9c3d1","Name":"ScriptName","Value":"Siemplify_Change Priority","CreationTimeUnixTimeInMs":1584539064761,"ModificationTimeUnixTimeInMs":1584539064761},{"ParentStepIdentifier":"0adf04ff-d0b1-47a8-93aa-8fb7a8ba85ef","ParentWorkflowIdentifier":"4a391f62-0932-4876-9e40-ab7d13e9c3d1","Name":"IntegrationInstance","Value":"c7ed3574-56d0-4222-8b0f-839853fbf76e","CreationTimeUnixTimeInMs":1584539064761,"ModificationTimeUnixTimeInMs":1584545686991},{"ParentStepIdentifier":"0adf04ff-d0b1-47a8-93aa-8fb7a8ba85ef","ParentWorkflowIdentifier":"4a391f62-0932-4876-9e40-ab7d13e9c3d1","Name":"FallbackIntegrationInstance","Value":null,"CreationTimeUnixTimeInMs":1584539064761,"ModificationTimeUnixTimeInMs":1584539064761}],"AutoSkipOnFailure":false,"CreationTimeUnixTimeInMs":1584545833968,"ModificationTimeUnixTimeInMs":1584545834099},{"Identifier":"236f822a-a108-4cf1-8c9c-c96bd3fcf443","OriginalStepIdentifier":"236f822a-a108-4cf1-8c9c-c96bd3fcf443","ParentWorkflowIdentifier":"4a391f62-0932-4876-9e40-ab7d13e9c3d1","ParentStepIdentifiers":["65b32488-39d9-4b1c-b021-ed0d927ca576"],"ParentStepIdentifier":"65b32488-39d9-4b1c-b021-ed0d927ca576","PreviousResultCondition":"{}","InstanceName":"Mark Important","IsAutomatic":true,"Name":"Siemplify_Mark As Important","IsSkippable":false,"Description":"Mark case as important","ActionProvider":"Scripts","ActionName":"Siemplify_Mark As Important","Type":0,"Integration":"Siemplify","Parameters":[{"ParentStepIdentifier":"236f822a-a108-4cf1-8c9c-c96bd3fcf443","ParentWorkflowIdentifier":"4a391f62-0932-4876-9e40-ab7d13e9c3d1","Name":"FallbackIntegrationInstance","Value":null,"CreationTimeUnixTimeInMs":1584539064761,"ModificationTimeUnixTimeInMs":1584539064761},{"ParentStepIdentifier":"236f822a-a108-4cf1-8c9c-c96bd3fcf443","ParentWorkflowIdentifier":"4a391f62-0932-4876-9e40-ab7d13e9c3d1","Name":"IntegrationInstance","Value":"c7ed3574-56d0-4222-8b0f-839853fbf76e","CreationTimeUnixTimeInMs":1584539064761,"ModificationTimeUnixTimeInMs":1584545686991},{"ParentStepIdentifier":"236f822a-a108-4cf1-8c9c-c96bd3fcf443","ParentWorkflowIdentifier":"4a391f62-0932-4876-9e40-ab7d13e9c3d1","Name":"ScriptName","Value":"Siemplify_Mark As Important","CreationTimeUnixTimeInMs":1584539064761,"ModificationTimeUnixTimeInMs":1584539064761},{"ParentStepIdentifier":"236f822a-a108-4cf1-8c9c-c96bd3fcf443","ParentWorkflowIdentifier":"4a391f62-0932-4876-9e40-ab7d13e9c3d1","Name":"ScriptParametersEntityFields","Value":"{}","CreationTimeUnixTimeInMs":1584539064761,"ModificationTimeUnixTimeInMs":1584539064761},{"ParentStepIdentifier":"236f822a-a108-4cf1-8c9c-c96bd3fcf443","ParentWorkflowIdentifier":"4a391f62-0932-4876-9e40-ab7d13e9c3d1","Name":"SelectedScopeName","Value":"All entities","CreationTimeUnixTimeInMs":1584539064761,"ModificationTimeUnixTimeInMs":1584539064761}],"AutoSkipOnFailure":false,"CreationTimeUnixTimeInMs":1584545833968,"ModificationTimeUnixTimeInMs":1584545834099},{"Identifier":"46518340-b270-4b72-a99c-ffeaefb64e43","OriginalStepIdentifier":"46518340-b270-4b72-a99c-ffeaefb64e43","ParentWorkflowIdentifier":"4a391f62-0932-4876-9e40-ab7d13e9c3d1","ParentStepIdentifiers":["02469cdf-1fb7-41d2-9525-9071f764acd5"],"ParentStepIdentifier":"02469cdf-1fb7-41d2-9525-9071f764acd5","PreviousResultCondition":"{}","InstanceName":"Raise Incident","IsAutomatic":true,"Name":"Siemplify_Raise Incident","IsSkippable":false,"Description":"Raise case incident (Note -Used to mark critical true positive cases)","ActionProvider":"Scripts","ActionName":"Siemplify_Raise Incident","Type":0,"Integration":"Siemplify","Parameters":[{"ParentStepIdentifier":"46518340-b270-4b72-a99c-ffeaefb64e43","ParentWorkflowIdentifier":"4a391f62-0932-4876-9e40-ab7d13e9c3d1","Name":"ScriptName","Value":"Siemplify_Raise Incident","CreationTimeUnixTimeInMs":1584539064761,"ModificationTimeUnixTimeInMs":1584539064761},{"ParentStepIdentifier":"46518340-b270-4b72-a99c-ffeaefb64e43","ParentWorkflowIdentifier":"4a391f62-0932-4876-9e40-ab7d13e9c3d1","Name":"ScriptParametersEntityFields","Value":"{}","CreationTimeUnixTimeInMs":1584539064761,"ModificationTimeUnixTimeInMs":1584539064761},{"ParentStepIdentifier":"46518340-b270-4b72-a99c-ffeaefb64e43","ParentWorkflowIdentifier":"4a391f62-0932-4876-9e40-ab7d13e9c3d1","Name":"IntegrationInstance","Value":"c7ed3574-56d0-4222-8b0f-839853fbf76e","CreationTimeUnixTimeInMs":1584539064761,"ModificationTimeUnixTimeInMs":1584545686991},{"ParentStepIdentifier":"46518340-b270-4b72-a99c-ffeaefb64e43","ParentWorkflowIdentifier":"4a391f62-0932-4876-9e40-ab7d13e9c3d1","Name":"SelectedScopeName","Value":"All entities","CreationTimeUnixTimeInMs":1584539064761,"ModificationTimeUnixTimeInMs":1584539064761},{"ParentStepIdentifier":"46518340-b270-4b72-a99c-ffeaefb64e43","ParentWorkflowIdentifier":"4a391f62-0932-4876-9e40-ab7d13e9c3d1","Name":"FallbackIntegrationInstance","Value":null,"CreationTimeUnixTimeInMs":1584539064761,"ModificationTimeUnixTimeInMs":1584539064761}],"AutoSkipOnFailure":false,"CreationTimeUnixTimeInMs":1584545833968,"ModificationTimeUnixTimeInMs":1584545834099},{"Identifier":"65b32488-39d9-4b1c-b021-ed0d927ca576","OriginalStepIdentifier":"65b32488-39d9-4b1c-b021-ed0d927ca576","ParentWorkflowIdentifier":"4a391f62-0932-4876-9e40-ab7d13e9c3d1","ParentStepIdentifiers":["46518340-b270-4b72-a99c-ffeaefb64e43"],"ParentStepIdentifier":"46518340-b270-4b72-a99c-ffeaefb64e43","PreviousResultCondition":"{}","InstanceName":"Insight: Similar Cases","IsAutomatic":true,"Name":"Siemplify_Add General Insight","IsSkippable":false,"Description":"Add a general insight configurable message to the case","ActionProvider":"Scripts","ActionName":"Siemplify_Add General Insight","Type":0,"Integration":"Siemplify","Parameters":[{"ParentStepIdentifier":"65b32488-39d9-4b1c-b021-ed0d927ca576","ParentWorkflowIdentifier":"4a391f62-0932-4876-9e40-ab7d13e9c3d1","Name":"FallbackIntegrationInstance","Value":null,"CreationTimeUnixTimeInMs":1584539064761,"ModificationTimeUnixTimeInMs":1584539064761},{"ParentStepIdentifier":"65b32488-39d9-4b1c-b021-ed0d927ca576","ParentWorkflowIdentifier":"4a391f62-0932-4876-9e40-ab7d13e9c3d1","Name":"ScriptParametersEntityFields","Value":"{\"Title\":\"Similar cases data\",\"Message\":\"found similar cases : [Find Similar Cases.SimilarCasesIds] \",\"Triggered By\":\"Siemplify\"}","CreationTimeUnixTimeInMs":1584539064761,"ModificationTimeUnixTimeInMs":1584539064761},{"ParentStepIdentifier":"65b32488-39d9-4b1c-b021-ed0d927ca576","ParentWorkflowIdentifier":"4a391f62-0932-4876-9e40-ab7d13e9c3d1","Name":"SelectedScopeName","Value":"All entities","CreationTimeUnixTimeInMs":1584539064761,"ModificationTimeUnixTimeInMs":1584539064761},{"ParentStepIdentifier":"65b32488-39d9-4b1c-b021-ed0d927ca576","ParentWorkflowIdentifier":"4a391f62-0932-4876-9e40-ab7d13e9c3d1","Name":"IntegrationInstance","Value":"c7ed3574-56d0-4222-8b0f-839853fbf76e","CreationTimeUnixTimeInMs":1584539064761,"ModificationTimeUnixTimeInMs":1584545686991},{"ParentStepIdentifier":"65b32488-39d9-4b1c-b021-ed0d927ca576","ParentWorkflowIdentifier":"4a391f62-0932-4876-9e40-ab7d13e9c3d1","Name":"ScriptName","Value":"Siemplify_Add General Insight","CreationTimeUnixTimeInMs":1584539064761,"ModificationTimeUnixTimeInMs":1584539064761}],"AutoSkipOnFailure":false,"CreationTimeUnixTimeInMs":1584545833968,"ModificationTimeUnixTimeInMs":1584545834099},{"Identifier":"6934b8d8-a275-488a-b367-d6d7c0ede567","OriginalStepIdentifier":"6934b8d8-a275-488a-b367-d6d7c0ede567","ParentWorkflowIdentifier":"4a391f62-0932-4876-9e40-ab7d13e9c3d1","ParentStepIdentifiers":["80995f7e-8bb4-4c4b-8bda-550ec58931e1"],"ParentStepIdentifier":"80995f7e-8bb4-4c4b-8bda-550ec58931e1","PreviousResultCondition":"{}","InstanceName":"Is Malicious?","IsAutomatic":true,"Name":"Condition","IsSkippable":false,"Description":"This condition determines the progress of the playbook. Conditions are built based on cases data (cases, alerts, events, entities and environment properties) as-well as data that comes back from previous playbook steps.","ActionProvider":"Flow","ActionName":"IfFlowCondition","Type":4,"Integration":"Flow","Parameters":[{"ParentStepIdentifier":"6934b8d8-a275-488a-b367-d6d7c0ede567","ParentWorkflowIdentifier":"4a391f62-0932-4876-9e40-ab7d13e9c3d1","Name":"ErrorFallbackBranch","Value":null,"CreationTimeUnixTimeInMs":1584539064761,"ModificationTimeUnixTimeInMs":1584539064761},{"ParentStepIdentifier":"6934b8d8-a275-488a-b367-d6d7c0ede567","ParentWorkflowIdentifier":"4a391f62-0932-4876-9e40-ab7d13e9c3d1","Name":"SelectedScopeName","Value":"All entities","CreationTimeUnixTimeInMs":1584539064761,"ModificationTimeUnixTimeInMs":1584539064761},{"ParentStepIdentifier":"6934b8d8-a275-488a-b367-d6d7c0ede567","ParentWorkflowIdentifier":"4a391f62-0932-4876-9e40-ab7d13e9c3d1","Name":"Branches","Value":"[{\"LogicalOperator\":0,\"Conditions\":[{\"Operator\":0,\"FieldName\":\"[Virus Total - Scan URL.is_risky] \",\"Type\":7,\"Value\":\"true\"}],\"Order\":1,\"IsDefaultBranch\":false,\"Name\":\"Branch\"},{\"LogicalOperator\":0,\"Conditions\":[],\"Order\":2,\"IsDefaultBranch\":true,\"Name\":\"Branch\"}]","CreationTimeUnixTimeInMs":1584539064761,"ModificationTimeUnixTimeInMs":1584539064761}],"AutoSkipOnFailure":false,"CreationTimeUnixTimeInMs":1584545833968,"ModificationTimeUnixTimeInMs":1584545834099},{"Identifier":"80995f7e-8bb4-4c4b-8bda-550ec58931e1","OriginalStepIdentifier":"80995f7e-8bb4-4c4b-8bda-550ec58931e1","ParentWorkflowIdentifier":"4a391f62-0932-4876-9e40-ab7d13e9c3d1","ParentStepIdentifiers":["aa2be860-cb97-4860-a31f-7bfcba480062"],"ParentStepIdentifier":"aa2be860-cb97-4860-a31f-7bfcba480062","PreviousResultCondition":"{}","InstanceName":"UrlScanIo - Url Check","IsAutomatic":true,"Name":"UrlScanIo_Url Check","IsSkippable":false,"Description":"Submit URL and get its details","ActionProvider":"Scripts","ActionName":"UrlScanIo_Url Check","Type":0,"Integration":"UrlScanIo","Parameters":[{"ParentStepIdentifier":"80995f7e-8bb4-4c4b-8bda-550ec58931e1","ParentWorkflowIdentifier":"4a391f62-0932-4876-9e40-ab7d13e9c3d1","Name":"IntegrationInstance","Value":"a8759fb1-1f8c-4fa0-8050-4f527df7c20a","CreationTimeUnixTimeInMs":1584539064761,"ModificationTimeUnixTimeInMs":1584545686991},{"ParentStepIdentifier":"80995f7e-8bb4-4c4b-8bda-550ec58931e1","ParentWorkflowIdentifier":"4a391f62-0932-4876-9e40-ab7d13e9c3d1","Name":"SelectedScopeName","Value":"All URLs","CreationTimeUnixTimeInMs":1584539064761,"ModificationTimeUnixTimeInMs":1584539064761},{"ParentStepIdentifier":"80995f7e-8bb4-4c4b-8bda-550ec58931e1","ParentWorkflowIdentifier":"4a391f62-0932-4876-9e40-ab7d13e9c3d1","Name":"ScriptParametersEntityFields","Value":"{}","CreationTimeUnixTimeInMs":1584539064761,"ModificationTimeUnixTimeInMs":1584539064761},{"ParentStepIdentifier":"80995f7e-8bb4-4c4b-8bda-550ec58931e1","ParentWorkflowIdentifier":"4a391f62-0932-4876-9e40-ab7d13e9c3d1","Name":"FallbackIntegrationInstance","Value":null,"CreationTimeUnixTimeInMs":1584539064761,"ModificationTimeUnixTimeInMs":1584539064761},{"ParentStepIdentifier":"80995f7e-8bb4-4c4b-8bda-550ec58931e1","ParentWorkflowIdentifier":"4a391f62-0932-4876-9e40-ab7d13e9c3d1","Name":"ScriptName","Value":"UrlScanIo_Url Check","CreationTimeUnixTimeInMs":1584539064761,"ModificationTimeUnixTimeInMs":1584539064761}],"AutoSkipOnFailure":false,"CreationTimeUnixTimeInMs":1584545833968,"ModificationTimeUnixTimeInMs":1584545834099},{"Identifier":"9a008a70-57f4-4411-997f-ed9b5cfa5758","OriginalStepIdentifier":"9a008a70-57f4-4411-997f-ed9b5cfa5758","ParentWorkflowIdentifier":"4a391f62-0932-4876-9e40-ab7d13e9c3d1","ParentStepIdentifiers":[],"ParentStepIdentifier":"","PreviousResultCondition":null,"InstanceName":"Find Similar Cases","IsAutomatic":true,"Name":"Siemplify_Get Similar Cases","IsSkippable":false,"Description":"Checks if similar attacks appeared previously","ActionProvider":"Scripts","ActionName":"Siemplify_Get Similar Cases","Type":0,"Integration":"Siemplify","Parameters":[{"ParentStepIdentifier":"9a008a70-57f4-4411-997f-ed9b5cfa5758","ParentWorkflowIdentifier":"4a391f62-0932-4876-9e40-ab7d13e9c3d1","Name":"ScriptName","Value":"Siemplify_Get Similar Cases","CreationTimeUnixTimeInMs":1584539064761,"ModificationTimeUnixTimeInMs":1584539064761},{"ParentStepIdentifier":"9a008a70-57f4-4411-997f-ed9b5cfa5758","ParentWorkflowIdentifier":"4a391f62-0932-4876-9e40-ab7d13e9c3d1","Name":"SelectedScopeName","Value":"All entities","CreationTimeUnixTimeInMs":1584539064761,"ModificationTimeUnixTimeInMs":1584539064761},{"ParentStepIdentifier":"9a008a70-57f4-4411-997f-ed9b5cfa5758","ParentWorkflowIdentifier":"4a391f62-0932-4876-9e40-ab7d13e9c3d1","Name":"FallbackIntegrationInstance","Value":null,"CreationTimeUnixTimeInMs":1584539064761,"ModificationTimeUnixTimeInMs":1584539064761},{"ParentStepIdentifier":"9a008a70-57f4-4411-997f-ed9b5cfa5758","ParentWorkflowIdentifier":"4a391f62-0932-4876-9e40-ab7d13e9c3d1","Name":"ScriptParametersEntityFields","Value":"{\"Rule Generator\":true,\"Port\":false,\"Category Outcome\":false,\"Entity Identifier\":true,\"Days Back\":\"2\"}","CreationTimeUnixTimeInMs":1584539064761,"ModificationTimeUnixTimeInMs":1584545686991},{"ParentStepIdentifier":"9a008a70-57f4-4411-997f-ed9b5cfa5758","ParentWorkflowIdentifier":"4a391f62-0932-4876-9e40-ab7d13e9c3d1","Name":"IntegrationInstance","Value":"c7ed3574-56d0-4222-8b0f-839853fbf76e","CreationTimeUnixTimeInMs":1584539064761,"ModificationTimeUnixTimeInMs":1584545686991}],"AutoSkipOnFailure":false,"CreationTimeUnixTimeInMs":1584545833968,"ModificationTimeUnixTimeInMs":1584545834099},{"Identifier":"a484fd9b-7dd7-4fd4-987d-9447f9efda36","OriginalStepIdentifier":"a484fd9b-7dd7-4fd4-987d-9447f9efda36","ParentWorkflowIdentifier":"4a391f62-0932-4876-9e40-ab7d13e9c3d1","ParentStepIdentifiers":["6934b8d8-a275-488a-b367-d6d7c0ede567"],"ParentStepIdentifier":"6934b8d8-a275-488a-b367-d6d7c0ede567","PreviousResultCondition":"{\n  \"6934b8d8-a275-488a-b367-d6d7c0ede567\": \"2\"\n}","InstanceName":"Insight: Not Malicious","IsAutomatic":true,"Name":"Siemplify_Add General Insight","IsSkippable":false,"Description":"Add a general insight configurable message to the case","ActionProvider":"Scripts","ActionName":"Siemplify_Add General Insight","Type":0,"Integration":"Siemplify","Parameters":[{"ParentStepIdentifier":"a484fd9b-7dd7-4fd4-987d-9447f9efda36","ParentWorkflowIdentifier":"4a391f62-0932-4876-9e40-ab7d13e9c3d1","Name":"ScriptParametersEntityFields","Value":"{\"Title\":\"Non Malicious\",\"Message\":\"Case is not malicious according to enrichment\",\"Triggered By\":\"Siemplify\"}","CreationTimeUnixTimeInMs":1584539064761,"ModificationTimeUnixTimeInMs":1584539064761},{"ParentStepIdentifier":"a484fd9b-7dd7-4fd4-987d-9447f9efda36","ParentWorkflowIdentifier":"4a391f62-0932-4876-9e40-ab7d13e9c3d1","Name":"SelectedScopeName","Value":"All entities","CreationTimeUnixTimeInMs":1584539064761,"ModificationTimeUnixTimeInMs":1584539064761},{"ParentStepIdentifier":"a484fd9b-7dd7-4fd4-987d-9447f9efda36","ParentWorkflowIdentifier":"4a391f62-0932-4876-9e40-ab7d13e9c3d1","Name":"ScriptName","Value":"Siemplify_Add General Insight","CreationTimeUnixTimeInMs":1584539064761,"ModificationTimeUnixTimeInMs":1584539064761},{"ParentStepIdentifier":"a484fd9b-7dd7-4fd4-987d-9447f9efda36","ParentWorkflowIdentifier":"4a391f62-0932-4876-9e40-ab7d13e9c3d1","Name":"IntegrationInstance","Value":"c7ed3574-56d0-4222-8b0f-839853fbf76e","CreationTimeUnixTimeInMs":1584539064761,"ModificationTimeUnixTimeInMs":1584545686991},{"ParentStepIdentifier":"a484fd9b-7dd7-4fd4-987d-9447f9efda36","ParentWorkflowIdentifier":"4a391f62-0932-4876-9e40-ab7d13e9c3d1","Name":"FallbackIntegrationInstance","Value":null,"CreationTimeUnixTimeInMs":1584539064761,"ModificationTimeUnixTimeInMs":1584539064761}],"AutoSkipOnFailure":false,"CreationTimeUnixTimeInMs":1584545833968,"ModificationTimeUnixTimeInMs":1584545834099},{"Identifier":"a6fc2744-b903-404e-9f87-79328393a827","OriginalStepIdentifier":"a6fc2744-b903-404e-9f87-79328393a827","ParentWorkflowIdentifier":"4a391f62-0932-4876-9e40-ab7d13e9c3d1","ParentStepIdentifiers":["236f822a-a108-4cf1-8c9c-c96bd3fcf443"],"ParentStepIdentifier":"236f822a-a108-4cf1-8c9c-c96bd3fcf443","PreviousResultCondition":"{}","InstanceName":"Slack - Notify","IsAutomatic":true,"Name":"Slack_Send Message","IsSkippable":false,"Description":"Send message to a Slack group","ActionProvider":"Scripts","ActionName":"Slack_Send Message","Type":0,"Integration":"Slack","Parameters":[{"ParentStepIdentifier":"a6fc2744-b903-404e-9f87-79328393a827","ParentWorkflowIdentifier":"4a391f62-0932-4876-9e40-ab7d13e9c3d1","Name":"FallbackIntegrationInstance","Value":null,"CreationTimeUnixTimeInMs":1584539064761,"ModificationTimeUnixTimeInMs":1584539064761},{"ParentStepIdentifier":"a6fc2744-b903-404e-9f87-79328393a827","ParentWorkflowIdentifier":"4a391f62-0932-4876-9e40-ab7d13e9c3d1","Name":"SelectedScopeName","Value":"Source entities","CreationTimeUnixTimeInMs":1584539064761,"ModificationTimeUnixTimeInMs":1584539064761},{"ParentStepIdentifier":"a6fc2744-b903-404e-9f87-79328393a827","ParentWorkflowIdentifier":"4a391f62-0932-4876-9e40-ab7d13e9c3d1","Name":"ScriptParametersEntityFields","Value":"{\"Channel\":\"suspicious_emails\",\"Message\":\"[Entity.Identifier]  was received a suspicous email with malicous entities\"}","CreationTimeUnixTimeInMs":1584539064761,"ModificationTimeUnixTimeInMs":1584539064761},{"ParentStepIdentifier":"a6fc2744-b903-404e-9f87-79328393a827","ParentWorkflowIdentifier":"4a391f62-0932-4876-9e40-ab7d13e9c3d1","Name":"ScriptName","Value":"Slack_Send Message","CreationTimeUnixTimeInMs":1584539064761,"ModificationTimeUnixTimeInMs":1584539064761},{"ParentStepIdentifier":"a6fc2744-b903-404e-9f87-79328393a827","ParentWorkflowIdentifier":"4a391f62-0932-4876-9e40-ab7d13e9c3d1","Name":"IntegrationInstance","Value":"6cf9dd56-cedb-4fe9-b5f1-499e901c77bd","CreationTimeUnixTimeInMs":1584539064761,"ModificationTimeUnixTimeInMs":1584545686991}],"AutoSkipOnFailure":false,"CreationTimeUnixTimeInMs":1584545833968,"ModificationTimeUnixTimeInMs":1584545834099},{"Identifier":"aa2be860-cb97-4860-a31f-7bfcba480062","OriginalStepIdentifier":"aa2be860-cb97-4860-a31f-7bfcba480062","ParentWorkflowIdentifier":"4a391f62-0932-4876-9e40-ab7d13e9c3d1","ParentStepIdentifiers":["bf9be709-3c02-4493-8440-654af714a9f3"],"ParentStepIdentifier":"bf9be709-3c02-4493-8440-654af714a9f3","PreviousResultCondition":"{}","InstanceName":"Virus Total - Scan URL","IsAutomatic":true,"Name":"VirusTotal_Scan URL","IsSkippable":false,"Description":"Scan URL via VirusTotal. *Mark entity as suspicious and show insights if risk score matches a given threshold.","ActionProvider":"Scripts","ActionName":"VirusTotal_Scan URL","Type":0,"Integration":"VirusTotal","Parameters":[{"ParentStepIdentifier":"aa2be860-cb97-4860-a31f-7bfcba480062","ParentWorkflowIdentifier":"4a391f62-0932-4876-9e40-ab7d13e9c3d1","Name":"SelectedScopeName","Value":"All URLs","CreationTimeUnixTimeInMs":1584539064761,"ModificationTimeUnixTimeInMs":1584539064761},{"ParentStepIdentifier":"aa2be860-cb97-4860-a31f-7bfcba480062","ParentWorkflowIdentifier":"4a391f62-0932-4876-9e40-ab7d13e9c3d1","Name":"FallbackIntegrationInstance","Value":null,"CreationTimeUnixTimeInMs":1584539064761,"ModificationTimeUnixTimeInMs":1584539064761},{"ParentStepIdentifier":"aa2be860-cb97-4860-a31f-7bfcba480062","ParentWorkflowIdentifier":"4a391f62-0932-4876-9e40-ab7d13e9c3d1","Name":"IntegrationInstance","Value":"ada83a4c-1e4a-4c1d-a493-0b2022fca3ad","CreationTimeUnixTimeInMs":1584539064761,"ModificationTimeUnixTimeInMs":1584545686991},{"ParentStepIdentifier":"aa2be860-cb97-4860-a31f-7bfcba480062","ParentWorkflowIdentifier":"4a391f62-0932-4876-9e40-ab7d13e9c3d1","Name":"ScriptName","Value":"VirusTotal_Scan URL","CreationTimeUnixTimeInMs":1584539064761,"ModificationTimeUnixTimeInMs":1584539064761},{"ParentStepIdentifier":"aa2be860-cb97-4860-a31f-7bfcba480062","ParentWorkflowIdentifier":"4a391f62-0932-4876-9e40-ab7d13e9c3d1","Name":"ScriptParametersEntityFields","Value":"{\"Threshold\":\"2\",\"Rescan after days\":\"100\"}","CreationTimeUnixTimeInMs":1584539064761,"ModificationTimeUnixTimeInMs":1584539064761}],"AutoSkipOnFailure":false,"CreationTimeUnixTimeInMs":1584545833968,"ModificationTimeUnixTimeInMs":1584545834099},{"Identifier":"bf9be709-3c02-4493-8440-654af714a9f3","OriginalStepIdentifier":"bf9be709-3c02-4493-8440-654af714a9f3","ParentWorkflowIdentifier":"4a391f62-0932-4876-9e40-ab7d13e9c3d1","ParentStepIdentifiers":["9a008a70-57f4-4411-997f-ed9b5cfa5758"],"ParentStepIdentifier":"9a008a70-57f4-4411-997f-ed9b5cfa5758","PreviousResultCondition":"{}","InstanceName":"Tag: Phishing","IsAutomatic":true,"Name":"Siemplify_Case Tag","IsSkippable":false,"Description":"Tag the case as Phishing","ActionProvider":"Scripts","ActionName":"Siemplify_Case Tag","Type":0,"Integration":"Siemplify","Parameters":[{"ParentStepIdentifier":"bf9be709-3c02-4493-8440-654af714a9f3","ParentWorkflowIdentifier":"4a391f62-0932-4876-9e40-ab7d13e9c3d1","Name":"ScriptName","Value":"Siemplify_Case Tag","CreationTimeUnixTimeInMs":1584539064761,"ModificationTimeUnixTimeInMs":1584539064761},{"ParentStepIdentifier":"bf9be709-3c02-4493-8440-654af714a9f3","ParentWorkflowIdentifier":"4a391f62-0932-4876-9e40-ab7d13e9c3d1","Name":"SelectedScopeName","Value":"All entities","CreationTimeUnixTimeInMs":1584539064761,"ModificationTimeUnixTimeInMs":1584539064761},{"ParentStepIdentifier":"bf9be709-3c02-4493-8440-654af714a9f3","ParentWorkflowIdentifier":"4a391f62-0932-4876-9e40-ab7d13e9c3d1","Name":"IntegrationInstance","Value":"c7ed3574-56d0-4222-8b0f-839853fbf76e","CreationTimeUnixTimeInMs":1584539064761,"ModificationTimeUnixTimeInMs":1584545686991},{"ParentStepIdentifier":"bf9be709-3c02-4493-8440-654af714a9f3","ParentWorkflowIdentifier":"4a391f62-0932-4876-9e40-ab7d13e9c3d1","Name":"ScriptParametersEntityFields","Value":"{\"Tag\":\"Phishing\"}","CreationTimeUnixTimeInMs":1584539064761,"ModificationTimeUnixTimeInMs":1584539064761},{"ParentStepIdentifier":"bf9be709-3c02-4493-8440-654af714a9f3","ParentWorkflowIdentifier":"4a391f62-0932-4876-9e40-ab7d13e9c3d1","Name":"FallbackIntegrationInstance","Value":null,"CreationTimeUnixTimeInMs":1584539064761,"ModificationTimeUnixTimeInMs":1584539064761}],"AutoSkipOnFailure":false,"CreationTimeUnixTimeInMs":1584545833968,"ModificationTimeUnixTimeInMs":1584545834099},{"Identifier":"cfb3295a-006f-4b43-b3bf-7983c9e3b087","OriginalStepIdentifier":"cfb3295a-006f-4b43-b3bf-7983c9e3b087","ParentWorkflowIdentifier":"4a391f62-0932-4876-9e40-ab7d13e9c3d1","ParentStepIdentifiers":["a484fd9b-7dd7-4fd4-987d-9447f9efda36"],"ParentStepIdentifier":"a484fd9b-7dd7-4fd4-987d-9447f9efda36","PreviousResultCondition":"{}","InstanceName":"Priority: Low","IsAutomatic":true,"Name":"Siemplify_Change Priority","IsSkippable":false,"Description":"Automatically change case priority to the given input","ActionProvider":"Scripts","ActionName":"Siemplify_Change Priority","Type":0,"Integration":"Siemplify","Parameters":[{"ParentStepIdentifier":"cfb3295a-006f-4b43-b3bf-7983c9e3b087","ParentWorkflowIdentifier":"4a391f62-0932-4876-9e40-ab7d13e9c3d1","Name":"ScriptName","Value":"Siemplify_Change Priority","CreationTimeUnixTimeInMs":1584539064761,"ModificationTimeUnixTimeInMs":1584539064761},{"ParentStepIdentifier":"cfb3295a-006f-4b43-b3bf-7983c9e3b087","ParentWorkflowIdentifier":"4a391f62-0932-4876-9e40-ab7d13e9c3d1","Name":"FallbackIntegrationInstance","Value":null,"CreationTimeUnixTimeInMs":1584539064761,"ModificationTimeUnixTimeInMs":1584539064761},{"ParentStepIdentifier":"cfb3295a-006f-4b43-b3bf-7983c9e3b087","ParentWorkflowIdentifier":"4a391f62-0932-4876-9e40-ab7d13e9c3d1","Name":"ScriptParametersEntityFields","Value":"{\"Priority\":\"Low\"}","CreationTimeUnixTimeInMs":1584539064761,"ModificationTimeUnixTimeInMs":1584539064761},{"ParentStepIdentifier":"cfb3295a-006f-4b43-b3bf-7983c9e3b087","ParentWorkflowIdentifier":"4a391f62-0932-4876-9e40-ab7d13e9c3d1","Name":"IntegrationInstance","Value":"c7ed3574-56d0-4222-8b0f-839853fbf76e","CreationTimeUnixTimeInMs":1584539064761,"ModificationTimeUnixTimeInMs":1584545686991},{"ParentStepIdentifier":"cfb3295a-006f-4b43-b3bf-7983c9e3b087","ParentWorkflowIdentifier":"4a391f62-0932-4876-9e40-ab7d13e9c3d1","Name":"SelectedScopeName","Value":"All entities","CreationTimeUnixTimeInMs":1584539064761,"ModificationTimeUnixTimeInMs":1584539064761}],"AutoSkipOnFailure":false,"CreationTimeUnixTimeInMs":1584545833968,"ModificationTimeUnixTimeInMs":1584545834099}],"Triggers":[{"Identifier":"075ed97e-824b-46fe-9941-bf4a28e63698","IsEnabled":true,"DefinitionIdentifier":"4a391f62-0932-4876-9e40-ab7d13e9c3d1","Type":3,"WorkflowName":null,"LogicalOperator":0,"Conditions":[{"FieldName":"","Value":"Mail","MatchType":1}],"Environments":["Default Environment"],"Id":0,"CreationTimeUnixTimeInMs":1584545833968,"ModificationTimeUnixTimeInMs":1584545834099}],"Environments":["Default Environment"],"Id":0,"CreationTimeUnixTimeInMs":1584539064761,"ModificationTimeUnixTimeInMs":1584545834099}}